run_id,metric,n_pairs,delta_mean,delta_std,delta_se,delta_ci95_low,delta_ci95_high,delta_binomial_p
20251029_161124_gemini_deepseek,semantic,60,0.0154,0.0561,0.0072,0.0012,0.0296,0.366294
20251029_161124_gemini_deepseek,judge,60,0.0358,0.1429,0.0185,-0.0003,0.0720,0.252870
20251029_161124_gemini_deepseek,judge2,60,0.0358,0.1429,0.0185,-0.0003,0.0720,0.252870
